Specific_Heat_Capacity,Initial_Temperature,Heat_Release_Rate,Activation_Energy,Threshold_Temperature
2123.6203565420874,355.5398786515859,8925.58525603859,117270.2994208898,3.8991614422711987
3852.1429192297487,462.5702842135074,8704.681986079997,129668.13971913724,1.3693937395147755
3195.9818254342154,561.8837507629225,18593.81870781555,75046.7898792499,1.3829404056688084
2795.97545259111,519.6674659228684,8743.192997742592,112487.4099606999,1.3025355080505565
1468.0559213273095,541.9683443584349,9079.245891929466,107174.59831437486,2.2565824288575445
1467.983561008608,497.6350100132152,16390.973936269456,133283.03767882712,6.009475882277251
1174.2508365045983,507.68296935535574,11746.097636758099,140608.70604812604,5.4570728331565235
3598.5284373248055,554.7586954695958,16650.658354327716,51215.67714773868,0.7700184894777159
2803.3450352296263,374.90040265775576,5980.492363465779,117401.99190587927,1.78198497506629
3124.2177333881364,446.82748909294213,12313.567905100765,55183.579911972905,1.0893632518121161
1061.7534828874072,366.3628325458807,5504.204002749239,104885.8665077356,4.051025544683282
3909.729556485983,596.300402398994,5939.7980518303175,78763.27290436783,0.336525913386257
3497.3279224012654,583.2178019059841,18596.561800166164,80677.65995221412,1.261211877257485
1637.0173320348285,311.82804341055174,7088.680566763927,85295.85034523567,3.7984786755885582
1545.4749016213018,511.67255175470655,12986.310234128257,112129.24490496101,3.5988063176128295
1550.2135295603016,577.5744952246998,11166.434039010597,83404.99656687691,1.8009391382642292
1912.7267288786131,354.17260353820006,10210.14989388264,123269.90505902804,5.245734724279842
2574.2692948967133,470.3835691657888,18497.500185309087,90452.73855738697,2.9374906820516755
2295.835055926347,574.6464892764126,5327.350951632343,56835.32003099586,0.39938101750781524
1873.6874205941258,310.1837935757396,14956.845292633836,128375.98424841072,10.65095231926924
2835.5586841671384,509.22608017405196,19450.916513203258,78575.8324592706,2.078591488645444
1418.4815819561254,389.2047022117652,13402.522751927629,93276.68795992626,5.818081649166999
1876.4339456056546,577.318858612959,19052.336930496378,118544.38832219015,3.6113076148917225
2099.085529881075,591.3174735496103,5783.868189290357,83245.61571487121,0.6560065818785945
2368.209952651108,583.2799467340301,11281.89978611242,55658.56561467156,0.7793633060097676
3355.527884179041,442.26426499723914,8902.366864430767,87392.10470128135,1.1853678245886898
1599.021346475079,558.612795296794,15962.314474710947,144444.85826943035,4.620850627185806
2542.703315240835,553.3648195605211,19719.4563574587,114173.43972985582,2.891620156701757
2777.2437065861277,395.7301419729767,8847.950936663718,117147.91486672069,2.3832248334535917
1139.3512381599933,548.6746422452032,14812.619022111117,113228.21536376399,4.889890211235368
2822.634555704315,311.10229041464777,7971.464491396102,69899.21389594369,2.039620350093421
1511.5723710618745,478.88096354461595,13479.95381857415,91833.386410228,3.5711238482616494
1195.1547789558385,369.0026511863109,11958.987300325043,125093.97983633183,9.192797406144713
3846.6566117599996,336.17006573318366,19580.07994447306,60137.28975531591,2.7086744751106164
3896.896099223678,323.08596048876274,14127.909090446998,77785.27760897123,2.7015953383873863
3425.192044349383,508.8866327634419,10242.595581302281,77631.91084658536,0.8964442554958167
1913.841307520112,401.96248913041984,6711.436773319001,93201.8927594506,2.022848033217711
1293.0163420191516,517.4300314586285,7268.702431024019,148036.8740942185,3.1082756008148196
3052.699079536471,319.6069022396827,8379.753949268526,56750.25466838219,1.525045447993236
2320.457481218804,394.5871013491831,8764.49992010447,101870.0994380595,2.4712375105133777
1366.1147045343364,461.8473877126012,17759.240867617067,67936.46820122105,4.140408715383319
2485.5307303338104,537.2169494516891,13418.341824237874,147067.6545409744,2.751043563015231
1103.1655633456553,395.62575087962097,12850.863670615498,61330.35047274642,4.5645499425079405
3727.9612062363462,487.76741293110274,6721.533078038262,90360.10023615912,0.6847753131747099
1776.3399448000507,565.7933244708561,17902.095400241524,123788.49848346061,3.897108005221817
2987.566853061946,484.7589564546914,15842.214548127256,120455.44280274452,2.7181473932240756
1935.1332282682329,369.8878424260901,6015.025428500024,92272.86368939323,2.096334020847431
2560.2040635334324,307.3202344669614,15617.52645844653,84652.41679527183,5.467574604857394
2640.1308380298387,561.0296621702789,13153.073260139692,89761.23785528707,1.420754287795183
1554.563366576581,306.3808232551161,6225.8801862016735,76427.62631586392,3.2607653190491392
3908.7538832936757,562.4105018052599,11874.509622929847,70533.29387067998,0.6774303978226214
3325.3984700833435,458.6811402081636,12270.444306950703,98303.969755889,1.724113629977669
3818.4968246925673,581.7203095538689,7486.618102449136,76853.37560676073,0.44527441400018514
3684.4820512829465,539.6349707320996,19185.472205004233,78746.16648972502,1.4080734057352227
2793.6999364332555,599.3802331600012,17749.630572209928,115675.6063474557,2.045721513942401
3765.6227050693506,405.213544635513,15035.335059936624,146853.73316998922,3.5710291126006317
1265.4775061557584,530.1564866793381,11934.433415009109,110363.7200559375,3.703100917122394
1587.9485872574355,420.57927408277266,11176.483123767628,57697.94670649663,2.2957963098875376
1135.6818667316143,443.96268609117266,14764.602007264313,57558.3613854067,3.7964749103566766
1975.990992289793,488.251638965511,13181.478041103583,145142.3220845566,4.061493825480947
2166.031869068446,562.1031342559016,5934.096588228284,79729.07903073337,0.6913126477584259
1814.0470953216877,595.2250407597885,12687.539731554974,59206.69860824754,1.168792230345406
3486.212527455788,530.4820241593554,17096.054258492593,109904.45871503816,1.9152082150804794
2070.259980080768,425.3300346502001,11888.598163954372,112364.8778290266,3.5668450412381643
1842.8035290621424,426.40710068312103,5779.348663314026,114850.48201186882,1.98099703994113
2628.0882494747457,521.2746904766675,16794.172990760497,76740.20278575413,1.8047138125406315
1422.772674924288,371.6331437304907,8020.456732039616,51511.068421447504,2.102496415845718
3406.590942262119,333.1422339394184,8879.312523320581,146501.53694544718,3.4406630878709294
1223.6519310393126,406.38664729223296,7470.595301484438,75089.30456911025,2.775853443533724
3960.6608098015517,386.1716974962245,9953.225973072464,117602.62880525475,1.9817659418556743
3316.734307889972,388.892436136797,16351.272585329525,120662.98698787096,3.9332898810700656
1596.1470446025173,370.082325314973,12790.78789255906,111000.74170794856,6.4946176938358935
1016.5663513708072,312.62795689090854,8073.219112260688,81290.73942136482,6.6053594874904915
3446.3842853645024,305.3621804200241,18167.451172280613,77109.62537640658,4.3592160856680415
3120.572031542851,596.3167169208095,18193.727824272937,109766.82827027031,1.7997186962521412
3187.021504122962,428.3319401207587,18058.676375690105,136609.56336116913,4.219112482189165
3313.811040057837,415.2979941479045,8581.943170723089,144673.37289233954,2.1723351700962685
1222.1339552022712,503.89418480792096,11768.590162714821,60590.580440375765,2.297904885949467
2075.397185632818,365.47616635951925,19774.844842113125,65482.861259771984,4.67112390248501
1347.607178575389,584.9883551850676,16580.187144649855,144473.62587830797,5.194218836010309
3589.3102776267806,535.9035043246656,5407.511318383397,123653.52283347926,0.6486639083401107
2869.894380482674,326.8233006936779,5978.06886890738,138299.3824829773,2.6970513641996137
1992.6940745579477,425.2742327354785,11958.970652184991,70263.26341353431,2.3315425641416687
1190.6750508580708,563.7354922686494,18638.303087923403,108758.58711094019,5.357052668757524
1932.9469651469867,583.4196066874231,13080.526969290713,120113.95944174737,2.3880133219992166
1975.5499660802411,440.2204533749609,12467.187620514353,118011.18854469726,3.842936671982463
3188.818535014192,484.0234167632123,6582.105499349459,90815.1690866698,0.8001302375286501
2912.6724140656393,350.11018382762256,14851.70157086441,51539.489169130844,2.1439526724209426
3661.6382277289795,597.350587841093,17331.547409003382,108292.60568042632,1.4364883849421148
2416.644775485848,369.501510415033,10706.300112613435,75310.15391796088,2.4436989064859445
1358.782737814905,582.8195322405377,16634.17776387991,95025.42461428903,3.424703205902713
3139.734361668985,494.8939946977105,19467.149808512175,145758.10150838172,3.689927219903961
3282.355145850692,482.3210384636577,8056.496886915336,89903.53176424347,0.9485604554400306
2683.8315927084886,453.80655330495256,12849.94446792112,133980.16066644265,3.114906090813932
3312.901539863683,369.2009435153276,9307.069371268633,68854.06057492511,1.419084887505605
2481.3867890931724,352.9584096016525,16892.81628550759,117246.04980250288,6.407059322845155
2568.198488145982,366.1458627210526,13663.900488217363,147700.69544389436,5.861656738123188
2282.623055075649,355.93147864327636,14518.736263254556,60189.31008729368,3.0219076252833355
1076.2573802322856,533.875342070026,16968.712394238413,50831.9942227192,2.8118371786148693
1323.6742809799134,405.037577750019,10939.557089936823,93358.27926326144,4.703063174775891
1094.2875570602027,317.3528029690189,18726.35102610565,59262.54830513672,10.069718832889052
2909.231233791341,590.7307890422434,12995.4330086921,124838.43496762314,1.5980178082993035
1943.0679432289799,565.1357654890278,7369.32234253022,141454.86638485588,1.679777938524253
2525.712073494108,578.3256849585639,15438.486772532036,93402.09727087588,1.706996206865082
3722.699421778279,598.4723467939306,16898.920256573816,75871.1642155441,0.9615891555242526
1747.8766874466248,352.1685747658462,9751.4251560129,93440.33190066097,4.203300841890657
2231.148769106889,418.8726056707976,17857.688854981294,122344.7817850001,5.581080110775369
3266.653415629146,527.4715427112274,18592.148821486495,50905.4161580371,1.041339761719856
1686.3944964748675,508.8061854161377,9153.567310667135,108945.39894846972,2.2842063381798368
1230.939729486379,346.1687719019565,19752.822090728332,111329.16848873791,14.9082117877933
1869.254358741304,544.7499374971853,7110.6729207313765,113768.82468959354,1.458381658159526
1483.6638617620133,367.33217155099817,8030.23502603735,74202.20799808772,2.976402316113368
3789.0929570277194,367.14528444678695,7763.372588570392,121405.27233781267,1.8453417531950684
3424.3611386932507,461.0923268680241,18409.845650118055,59139.14863317764,1.495443004373669
2900.2112695312703,477.88198045251096,14814.388284874429,69927.03364668008,1.5640761130098266
3614.381770563153,474.02586235134333,7281.564248334093,137747.00466544818,1.235005104226365
3411.0162306973434,327.4460512193265,11604.851275525234,123872.31507265664,3.930524723610374
1559.7101766581077,563.2382587891141,14229.470376047031,51374.55540113452,1.4774357788900199
3677.6769954699334,379.6800127766118,6251.961274840749,74837.62603698001,0.8825254284934566
2618.0267257469523,338.85447638484123,18236.24552611008,71440.64829931645,4.333913985179105
3422.3204654921874,566.6244239606931,17054.05303162303,77080.63280369726,1.1963592864757115
3688.2738997704796,586.695449468926,12578.101603649575,74755.97702798864,0.7406489571245363
1954.0104249155916,558.6382851796352,19506.899228887556,56252.629574284576,1.7994625014340901
1330.1557735830302,542.8548224174634,11266.414689126495,95894.05165968204,2.7561794912421966
1683.8054876258252,496.5725941917065,19761.654785547467,123273.34747861652,5.867256608254025
2281.323365878769,465.2572111827418,15018.799982054406,110673.17247174364,3.365925643890638
3454.0442977674793,326.096027973423,14520.069098809121,117287.16685980799,4.6366066957223815
3582.19174976903,422.5359639212096,7489.323429436775,58114.91785362391,0.680540578474211
1020.8563915935721,411.8065551036942,18228.91637456966,145149.0710176787,15.28353972665119
2532.241907732697,377.9261351280979,11412.345318809228,133849.18338430248,4.223491123965037
2252.233009446337,517.0260341065755,7433.50108673719,130509.03184956627,1.6113720785958752
1666.3234314121908,448.76272052363123,5189.112799636386,132298.38050417675,2.045760522423933
1359.5961020010484,324.3138647722944,13396.335254575739,143271.05081327615,13.42157590170848
2012.8455142108837,366.0549605849434,12910.994331840146,104425.39661136977,4.998765763227056
3828.7291117375576,504.9776290978788,15790.30433553738,70028.2017867626,1.132568703770954
1969.6087960622658,322.83925784709004,18353.87079526703,111678.36078525412,9.984907483495617
2556.3718652300986,555.3620742146306,6191.098769645443,124288.14936679389,0.9759352129163748
3109.0568766855336,448.54395810419226,15972.447355105434,123791.73933540254,3.1609996021484106
2090.888807137882,444.1759731979944,7811.179161463733,102144.90241668801,1.9341592723265966
3915.346248162882,477.7223353978553,17872.65579735746,56845.871933357805,1.1370164712067736
3887.3418848263336,547.4042897775448,17285.952707924844,87111.29384301278,1.292702694560136
1755.3468874760924,404.3427623706579,13111.906324783165,142076.66084633576,6.491219251222809
2491.7455176771564,503.40484576771905,15653.641979349673,108444.8909757426,2.688351327830891
1902.6349294503088,469.7195891987373,9715.251697756226,103833.19432557134,2.403020419336215
1854.5214831324029,380.1084810508264,12067.518483992219,76885.35143821935,3.462697778761073
1110.6608420635985,563.5889959065473,17324.553465657074,86844.89199165789,4.264811678224599
2828.6930019396905,539.2278064820784,11888.977957598208,139534.60891531693,2.0169544313017154
2508.037069686585,497.5355503975277,10366.973979881626,116646.30475268357,1.9477840578438157
1154.436253749968,555.1745187282726,12413.1867087545,128738.70267523329,4.4912104908587835
1835.9393927098345,560.1882602879407,17423.738786558275,95434.5423067655,2.8861613057647504
3724.797657899961,512.5088930145105,10028.120710563091,113024.72194561579,1.158477233648889
1718.6856720009173,551.1039985091016,7606.423897036157,74838.36087432076,1.0905390235495829
1434.6846162736692,509.2414385007851,15680.21030496171,120546.08302834863,5.080437024219296
2468.358280832689,504.04223152809016,17389.673190621226,92760.13337033373,2.5722355480137806
3956.951362331802,485.5834134645553,6509.562177853,94254.55148147455,0.657605915539849
1726.1658145345014,525.8149918672924,8598.11169133917,114932.23245768817,2.0706013111407864
3016.4066422176356,347.5815315879221,7129.579846414908,143628.06214689265,2.8099588794052757
3284.8588459861526,564.2612277596786,10219.1211737325,56400.634660862095,0.5510873076260393
1712.912631977199,561.5530583235695,11755.26468358119,132474.32373470077,2.8830177591202397
3184.649045835579,308.77418491036775,16232.395054449597,79238.3110412193,4.236178645228414
2103.3493981577594,547.7450251694288,14767.213773225112,94391.94545063778,2.208844757656945
2896.9174917807386,338.6609602420336,14313.928512176468,52191.33287750089,2.2484893510490958
2900.589132282684,400.5356562777426,10285.624199144815,80104.6077834313,1.7705963645537797
2607.3240522242754,523.0524768874823,17621.7132962714,100263.12426301304,2.476873504230024
1270.8693101632248,348.22796881449244,12069.307510972469,55617.6077347439,4.355785310790014
3505.907486767714,545.3901072357187,19686.574070227318,99109.57293831652,1.8709870692420456
1962.3401949152076,549.6402533873226,14512.132074436053,142711.06288584275,3.4934738839304598
1559.5555311995627,452.24032012825086,6893.9711234675415,60539.32181078052,1.308481565177284
1122.3254246642919,301.91576151505006,15142.66343113151,126444.07280755043,18.71588519377509
2772.6788295647257,386.1114399524738,9876.560231475485,90967.10533759926,2.1735277368485932
3032.6930855268474,485.07807551272265,15294.907950291461,115517.37145243381,2.4759530940706735
1049.7634867835684,594.3558534082271,6044.617222436086,76023.65979852293,1.2391760921466373
2536.279174897843,489.54405810500054,7623.221557639391,65949.22625413584,0.8271182883885576
1679.4873255938137,377.94107431924795,17836.058883586797,66046.26142712265,4.910460472430626
2935.5183712283497,490.2017109298834,8407.693355352723,57049.194564314465,0.6799734143910173
1523.0992870149744,461.99561391475663,17555.6168786441,68564.6704901243,3.7026492027060685
3072.8132143073976,533.953618545343,9189.141326816156,116421.93849889682,1.2211430086621042
2160.2060389016124,332.09419164808753,14643.228650880616,138169.0611843508,8.492389703210971
3810.1899662102037,528.3083707506084,15412.258602647466,131412.5685591162,1.9045026383410506
1412.5628324379798,462.37997360283305,12689.821297175793,118513.4309874484,4.979861575592478
2023.1990531507754,588.8976011576983,9579.660150450969,61043.18634111027,0.8334299700265251
1340.4205637217672,402.56164981160583,8189.6656455664415,78918.74462959499,2.975366433924757
3774.080854835688,489.78656794018445,5497.840318436393,80980.6875322469,0.4917548364366916
3632.018060142943,579.6084316530053,9559.196018610857,74995.69463976212,0.587543885210726
1773.8248831454669,330.75291839720376,14797.441857969245,101500.56597097231,7.739929297212117
2979.952138102537,581.1685461709353,19074.57227672724,103555.38148796726,1.9625195390490102
3451.6666006036476,506.36571669024397,18068.06723394578,85688.59751711102,1.74935239516315
2665.602434798387,320.3511177315516,16490.97164802954,85378.9158736436,5.146938954125284
2588.9517350680194,390.28907008404485,16826.71014879948,132855.55979060812,5.668683569098649
1725.5568727013551,512.4516265935845,14974.773552139928,128929.28483196856,4.260659300209956
1279.3083034176975,320.2051804406315,8904.302863490046,80779.58316807456,5.483648446947873
3691.6472738599805,474.65113805288195,18607.92546058745,141378.84438732592,3.1631015385299133
3701.254171489991,403.764917085887,15060.98467858751,145281.5017002506,3.6262489483288833
2899.304371819804,486.27465533024315,13406.609464706598,82674.25420300408,1.6167101488936164
2017.089373146102,313.72261014375385,6664.842038202216,85442.49487930548,2.868448131457618
2047.6287238379828,561.4610418457129,11705.833157096382,100563.41534219589,1.8236936115012932
3177.867036610718,592.0466907532191,11905.374068028894,144112.08125336736,1.5402662440933272
3691.330779857731,590.6633565857074,17968.454142840048,137631.94331423115,1.9202905092397426
3661.259272795352,524.8955495228774,13199.723302816827,60256.79625835898,0.7884871121875434
3339.6266375728715,339.0258720391896,10706.008234556146,89273.07432714163,2.4899146712409417
2926.094938462863,527.4789587787068,19652.004927659887,105337.11897497719,2.5426677049226853
1252.4198949851466,307.37607493764045,6660.808899894735,100313.24725515401,5.646706099811212
1484.8861422838413,306.63706545869917,11338.22642467917,69386.30679368926,5.634773239125724
3695.6625655812377,397.0830657448624,5630.370127571079,135881.67711681547,1.312933713908826
2819.2871789787696,446.59295712139976,16098.561811503956,117694.07829968374,3.3696022191211368
1027.5911548498889,531.122225342338,18771.148282987262,133790.83748518035,8.663789756992466
1304.4146285980964,504.9886129819515,9200.559943257342,135876.42793494722,3.75819706543122
2990.5053073241675,433.7708119130245,17875.125151986813,124835.58536657397,3.965721986147488
1015.1847515386561,382.08799988449977,9383.273456928466,93921.06012497173,5.946281662889169
1482.424154252496,599.1373500473134,18661.55242465873,111054.67550154246,3.8945684879186797
2646.2013680997584,427.8543906707919,16309.428553951759,66036.54061197431,2.2233517827487375
3075.68559307808,435.4161072989026,17073.60165262158,117364.54174749077,3.4364587251101897
2955.8837785078017,349.0871463575007,5270.098334006818,67925.32557392807,0.9937917271771685
1672.8079283816794,538.4428646249788,19442.15535611039,119394.95905101568,4.786356795150852
3136.5376640426075,508.1046677344466,15900.064881054848,72959.81607539687,1.4326026520983985
1711.7472624904003,366.2308838366281,9571.266430791999,61755.130015022,2.574499867987577
1976.199094477803,324.7143136847528,17440.919972882704,66528.44901429574,5.568564135169622
3239.4742153540724,504.1497906224139,9222.817976223949,50199.213521907026,0.5622983907369954
2948.898697141644,496.35336428434056,18091.307593491918,121873.96178535302,3.0348630176491844
3547.670231482534,381.97785809946276,6688.705856179055,123240.10490583791,1.5924820104116728
2972.8386769010303,585.2590686751231,15555.289661911936,101493.33499132594,1.5504150651849602
2704.925810006415,345.3173675342701,13110.477149673654,66136.28010553838,2.6882277570155857
1281.0243034842774,429.7004403127806,6448.017052931612,58355.43375106897,1.5908107321437301
2103.1474091783007,583.0847760502797,8628.407423882585,51912.8966437287,0.6264303460008461
1795.6071030451762,425.9181950778367,5186.060544159722,66574.81769652208,1.0599463092961505
1731.9689301372507,491.55778429922566,12031.519481967587,139085.5534983147,3.9986486806729635
3919.0316642573366,419.27831938883827,9518.978911400005,74153.68417016818,1.0245649939527721
2179.2931740002814,382.264560704601,13975.362264466383,85427.13272172157,3.748997681167739
3676.1396655313397,595.1932943879485,9458.567115629257,60534.54844813332,0.4396636841198126
2893.415877991789,422.8002018945129,9498.78667260477,72236.13047481704,1.326604223348171
3384.4339106249454,568.2297611037403,16147.89798097405,101922.45707802051,1.5060933519012816
2507.9112793155764,368.98638176732584,5722.142539675302,110775.26830956526,1.8563875114690678
2730.7116538790774,363.931411207525,18543.42492787981,74535.2314166211,3.8215243205956466
2477.553081456592,309.34022486535343,17783.95811586772,55773.21592251172,4.1836789698911865
1585.7289633941336,495.5000476127655,15017.070248396098,89103.28691273986,3.4368658240003924
3167.356345784516,410.5579031171284,13898.323551610765,73420.33709263342,1.9113183617080605
1842.3170873225674,559.3074749518911,18384.537472094784,71955.39232298019,2.295357976399357
1072.9478992943616,441.96297200746716,7779.952692930717,145986.28027134552,5.419242616764686
2936.4168877215034,590.4580283744165,6184.537432862429,111630.0485925724,0.6743611757127363
1531.3320382211468,355.65765471093636,8592.652548643071,105687.84431720959,4.688334624762867
3821.3757530587427,560.5869503866832,16918.674180502854,91577.51035233219,1.2901774534502668
3861.785731007762,532.9790558375225,5520.054000897249,92894.43334301442,0.46743858254878634
3744.5931706613455,531.2765533932156,13742.102526252344,104090.50038380807,1.3533755932555627
2110.4761007663333,553.4349684350664,19931.56274286965,119642.98070361072,3.689053420289206
1046.3698495866022,528.3071972828997,17835.441407563092,120214.60961818295,7.341466828184748
3784.9556877631762,487.86609648942465,12821.685335653841,67169.39077054495,0.9559924165255723
2284.552444951943,339.37346330471627,5954.613639299635,100011.2752076627,2.2633184281907734
3899.9644571310087,309.7578538473756,17470.602715785648,91195.80950341019,4.257723634585458
3890.8599312677584,576.254354344706,13984.677622658159,137052.6966269384,1.4834264132123676
3559.0283664020803,484.99509435622144,6723.994955893502,113141.89212183765,0.9087505260348433
1883.3466762087571,538.9611872928529,6407.8592723503425,103250.40664159818,1.209370815490053
2155.2931858057755,444.45670545376504,18644.402291548886,61539.464217891735,2.6948642598673076
3553.410014550571,335.1924566887183,15038.003944071177,110563.78893234115,4.164561813384319
1950.7660154688328,337.55573766076515,17439.301989751333,61720.390568023344,4.842410404359704
1508.4782400582776,505.6695861686914,18184.68350423401,83720.6575565752,3.9469866791168213
2670.4037873750503,429.0917684698388,13576.585280724834,64284.19648143319,1.7750781164205498
3808.464322482343,360.157418010101,12761.69527632562,119207.36470243688,3.0794760986883456
3088.089390024919,447.47836402243104,11456.411154814854,70625.21138361526,1.3085020448038645
2710.1835102680952,319.26268112254024,9754.198816866789,89185.93731880261,3.1491472847306277
1291.5294813123055,474.5914205743196,11518.939412880676,139567.47776187788,5.526531299092149
2845.0216800975095,380.6980213305293,16608.194835952345,70431.63833989704,2.836895918480954
3970.16155031279,539.2677301911565,14028.851465226973,100780.50639587792,1.2245643402928297
1420.252045709572,393.10858767707214,18387.849349322692,91927.1661166022,7.70165965761825
2554.98895709121,436.56604472454035,11650.700215687815,51812.404104572975,1.2396435814153226
3632.1192157838664,303.4861619724302,14106.34368078131,129275.81135728127,5.4512217773988585
3222.3058532626133,321.73406633836765,14469.61329637983,56904.59063145997,2.4685582062471227
3091.0472229858037,417.7480669220055,13875.457434594882,97425.50209769537,2.506025145144702
3107.452251961328,443.98165041513704,15539.506596282745,106067.829493895,2.690830863118088
2078.4734536592655,480.0061644357911,8561.502025622094,112842.64566145871,2.017367927295938
1880.7755327934801,387.49877361279096,12685.45666318686,118863.16293078756,5.339194691253896
3428.0834664355407,508.4945658379628,6563.372042125215,75327.23835227151,0.5577698676421947
3430.3401840375423,558.0367191567614,10767.669914672188,50997.877665844935,0.5140567808754418
3601.2169557403113,533.955296668005,12315.006029318967,122344.3662354912,1.4674371859681867
3739.721657669414,311.88564760450714,14783.363893182088,103565.65993475786,4.208806747683872
2534.0271965828133,444.1520841773487,19257.96578879305,133611.77032072487,5.147311470609145
2504.548884061599,331.47905352545246,14009.765998225337,132138.83629006945,6.7269727161052115
3394.8855369003254,372.61350475875827,16153.908742648397,134332.61677878833,4.60380353056717
2949.8917923332956,595.9987779801439,12593.990892428043,98509.46599795402,1.1839804073052678
3105.90063177311,342.748662870454,14511.56047064497,83362.83958368657,3.315488455171991
3387.3780083083034,449.6664460354068,6063.983242006601,129155.820259137,1.143476771988609
3670.016025452699,485.44672029543574,8815.873712627705,95129.4113029255,0.9696814020995936
2013.9854705546074,510.73949116323115,10427.79639807708,68344.21964034345,1.3565603525499548
2126.748857919832,467.8946050460742,12087.400325097704,135497.40195614743,3.517641613165416
1281.945819522607,302.9312542257551,5684.731182535756,138255.98767723472,6.6809165248198985
2734.840422988522,397.93839247319755,7100.361463299765,96630.97561401702,1.584284413809713
1107.8268213902263,455.3134930154134,9152.214616869587,57569.97273097875,2.294189578306982
2396.7940543973805,326.35994974345,19572.99036351576,88782.60899169312,6.807076817403227
2627.93390412273,405.18807936275425,9970.205106545762,130353.76594626033,3.0123117608786294
1859.623756384853,309.96093263741,12230.615871681239,140177.40285462287,9.59593576698858
2772.4997817070325,323.57354914650625,7941.465691075894,70347.27424975959,1.924555291814522
1091.5007498171483,419.07698286047884,14161.701066136524,56697.36120252715,4.188578062675694
1112.0445662476432,339.8147262129181,9210.248232739614,137735.04531328386,9.878914078427455
3467.8016819789746,470.2622544784674,8104.888676576402,88940.49389788753,0.9399658918085154
2080.5719242337886,506.8394907411797,12748.589426689687,104176.09642675632,2.4848866866272172
1381.1815379556542,540.1760097327249,5082.586987406312,146806.5812050759,1.8514372440376274
2566.729780164413,360.04507327344305,5114.96048973838,56656.47279142229,0.8709594232446732
3309.9806592958325,350.2447746777209,8286.032136527867,114831.80074520956,2.3433653448687752
1647.4630824905294,331.3703521003201,5550.820437512317,57410.542257486704,1.7615940618877697
2868.671427457001,490.92907486309105,6620.38631196037,87546.89284665004,0.8383121375118547
1256.042394981304,511.9427179460704,10082.909740081275,130381.45451934467,3.9935089603830054
1155.045163505823,309.4758434476926,17038.785193697193,93347.22327556345,14.377638348953296
2594.063894704444,580.863673873107,13580.729650539513,149718.23539029504,2.323104253005636
2621.9053648303197,315.59138509544175,12690.015889346247,105905.92849466021,5.146537562172848
2912.2897044946194,462.3889005903211,9402.332348121825,82116.21526359535,1.239981332045289
3178.274001167985,512.718155835275,18976.305791492246,72011.13259047532,1.6355453227085148
3927.556238387604,561.2907371238257,10955.225618557875,85052.05342861617,0.7530225238043925
2548.901044903586,514.2260796397284,6306.391501936572,87253.32737595508,0.8163976638059026
1968.8694188237378,540.5184249209376,14255.99774176702,56871.3677723961,1.4094620037357695
3385.558584306111,401.8350577628418,6707.575902149021,86957.41994267731,1.0669553873795123
1812.4967537862226,544.4475341239537,10178.34714202538,96423.85197392249,1.8267218683297073
2316.9142621169085,324.03445391540254,12611.179080767133,122273.77522388047,6.3386485186666945
1235.3691440267978,568.4449968181583,18113.33787027764,115672.9484721608,5.248759182633645
1076.0522302463726,464.27771284612083,12403.19870510178,120876.56552291542,6.463783306368337
3887.945244033775,545.1893309887481,15533.881490474963,50836.36818768571,0.6833444434761207
3507.9403615366173,435.69548535549006,19892.252584986054,71766.7399580536,2.1438226881241635
3087.922618281094,493.0733085589575,6972.336798469724,116168.42883998565,1.0788897755104632
2226.85883324281,457.920798280834,9120.972882792794,98398.93681797471,1.922021075007559
1519.8829602125375,519.4768565265996,10918.641133964695,50531.34756683459,1.3452001854917939
1469.3111280132582,324.48899460917687,11327.42267808247,130449.46424318223,9.551238607564539
1750.728694493786,318.10562519716916,11165.316128983188,127280.95732903374,8.021819935861819
2647.6799941183617,374.13097020304394,18614.16503834832,104841.91629935626,5.265816200460301
3143.787768100187,347.8634040339565,15710.489667002847,56646.33257762721,2.3393263594721456
2980.5921301531935,561.5350699776604,14118.578211360556,126651.50495325847,1.9025890755627133
1839.8016908378286,365.7641962074133,9640.590767941732,108371.3587731364,4.244678197739838
3864.5958419895824,592.7595767457394,17356.85576331942,128195.99771579592,1.6386427482798616
3213.6907500873053,401.06873753133203,19325.907672274836,125174.69923958404,4.679664867208944
2663.062157534202,354.6353747066098,17317.9742382534,130300.20719578372,6.7374690647394795
2835.1622387030566,536.9095521427437,5023.476577872094,101800.80664046248,0.62571335414715
2258.8001872833697,497.61233265026283,14546.020552751106,64032.451819351496,1.6652684067456234
1743.1929685034725,449.45871493594166,5767.0307216315105,117115.74733796887,1.9179729687822014
2067.918035953785,466.60906528128936,8864.108305005828,112047.37850519706,2.2059572345845293
3273.5383313931075,515.7605334816792,5892.870505216575,124225.31871990871,0.8406657884845491
1043.1804658892677,368.5364223993896,14056.931794240816,66988.10060507353,6.646116109636997
1348.2179215207486,598.9001748170226,15298.848702389101,69497.51999002893,2.1986650925092897
1138.0079260652583,592.4379486440349,6717.314570988577,139040.95172193286,2.338338567021678
1122.1864069569103,495.09770590408107,10757.583245674692,124997.77984520709,4.8884388065818385
3566.3817520330217,359.86273527874357,11843.54763433313,140822.8488700323,3.611215075064921
3110.973578140071,504.0684727293874,10535.795326413749,125871.53211639207,1.6777198809651932
2422.5214872619754,321.65952269375276,6815.375007277896,109715.53059903019,2.983303247761936
1293.5024819530045,309.19575066174184,11284.216852812131,115413.27370278737,10.531564302886116
2474.847625350497,377.3048665533641,16267.670717126271,138912.79239400098,6.414079461507314
2420.4153123416972,438.7868870217949,6065.114967998832,107880.67545119405,1.4040595314001119
1519.6056097300457,560.4817516225141,6202.700211228552,113239.13243283874,1.471375370903373
2301.5549477139193,518.1507209298924,10321.569377539763,65647.67160036006,1.09655773292987
2195.5142031921205,522.8119563599944,19125.885674283876,97392.12201161028,3.1039742576837006
2847.550294156649,427.6480003344226,15028.589700843711,121639.7111958099,3.510341056026562
2905.2809526029314,403.78049776408886,15180.049350088471,77094.26983163654,2.4706798199599938
1135.9120293161336,411.3116288953808,10428.799862567976,70225.41805245349,3.8110266945254145
2123.8378438794134,596.2948691208173,13904.911868128076,81382.68082244156,1.4984999488795723
2877.579747142709,312.0327574237447,5151.967760416151,74150.06279928335,1.363505561638393
2509.408775740263,560.1094488367346,14541.440696143132,71491.26370363959,1.3205145768957154
3569.469523564967,473.60262257171803,18699.30421364355,92485.08428680869,2.1600572820597015
2976.080894856835,431.58462575687713,14188.602025172288,140783.8513883534,3.6034274817888887
1488.803281244289,517.5772981245409,18105.478901995175,100705.96467387183,4.571697171671837
1211.7062422012896,446.0006824274109,15859.595831991408,68792.0380815323,4.526493491053943
2927.2578346189466,562.0269714244982,6808.3762460553535,57697.16693808741,0.4248374019414781
1079.5339316248655,570.2105592033776,18536.799609287627,119615.61451379252,6.317071937882524
2757.32674382039,426.51627806203663,5996.657665336623,88279.87644363879,1.0553864615210449
3820.690724274873,383.0483391705155,13009.512088216456,132183.0946585359,3.067523319690043
2726.4225336276368,477.7050985780087,7132.056856901865,115951.07686407703,1.329158177217997
2164.5097786195656,573.7090036850072,5175.599160963561,129624.14505413685,0.9416806690507552
2929.8646553270596,363.1986567017,11330.513901914586,77194.60394184488,2.263083225088985
2374.75867147455,486.8899750690448,9425.610614812344,119235.89224610581,1.9963438808123126
2636.850367947805,489.46806602775615,12290.007406964045,76406.19846937188,1.4864370632057333
3824.3944263295757,519.9339067245843,13657.998301018262,143906.84794502915,1.9011201197773187
2158.307913402323,339.47030553817797,5656.08608463421,113637.42815333745,2.5841660783297655
3883.5716914717427,514.7474894046265,6845.049426856184,82451.1800175342,0.5484709918326671
3716.051925868191,572.7097561996923,13379.63594675638,76951.18622922726,0.8447120292066724
1587.3734043678892,353.9049326610726,10147.510297589874,69092.65850716435,3.526460900668247
1208.0839026254964,371.2629974771633,15937.60231324172,119464.09588937278,11.434046537699672
1302.33400413228,591.4185282124919,14784.374728879095,71871.56129979272,2.3326404831869607
1054.6654769546492,354.2930858128469,17684.065444848602,109530.3265927489,14.63108090978374
1283.328882267785,556.3155280108738,15387.39240003838,76463.50269253574,2.962367160464375
3049.0203202490707,447.6833569344104,11448.966160852222,116196.89447938686,2.177000733571877
1213.565945380687,374.16932232095314,15094.499335916486,131493.97285405392,11.682205026439158
1956.926890881284,561.2249703817533,9130.717613831279,127802.52431446532,1.8931968404900028
3534.6259329083637,433.59157650079965,9594.70248167319,126085.13309307817,1.820498230906488
1069.8158072074775,454.44520617890703,16834.7773988119,68772.2405692252,5.240207547085261
3443.4054477668074,407.7700108199297,11696.292746023733,58838.49469845187,1.201962879389612
1845.5643243201998,477.8852554304782,16975.705107775288,119894.88284873856,4.828942357554037
1354.4944828649686,349.0571617755068,17336.33560502418,86834.72137943513,9.121796395502898
3090.211496092452,417.3244609955282,17863.435064919257,93234.62264033474,3.0946127242296804
2886.828540339652,590.8236967005862,18749.52853761811,53114.9092793391,0.9882572162836616
3632.416040581159,377.4400298103383,11464.778307699444,75957.64492750492,1.6828509478820353
3205.2131314116573,497.02099936238767,9783.002274817081,53367.6403874464,0.6593921397693833
3410.442791154546,397.55701926740846,13732.981198911708,137918.57726012476,3.513807565411796
1846.1037177139194,532.0419377059802,10567.586351564412,74339.66832185305,1.503310166512923
1532.3186313391684,339.2620982155049,14016.112502003494,105733.71695730081,8.402747335095382
3251.844254922575,590.9463135235634,15583.78793965737,53897.93206611304,0.7396382115811561
3420.504217801792,436.13686241509174,15326.075277382053,116684.73913056581,2.748585770633105
3971.51542600202,370.8151390039392,10618.29330530182,82302.73457540938,1.6002867746475606
2237.8530307342794,322.0490241990038,7502.903025481292,139791.9186957666,4.5189325876517366
2116.0542573783496,350.9273715262622,11457.940076933113,138811.81889340357,6.103398201782324
3329.2388822259904,455.9321845668053,7138.912161228631,82529.06183617478,0.8513212765233323
2022.4106207590535,401.10095292938587,18351.455527757127,140096.0895690468,7.9016866623366555
3792.271976810694,548.6650097647828,10188.161911067862,149615.76734987786,1.3352395767109715
3575.2382555290355,429.2662570985418,7316.896208349857,132541.5664123948,1.4720430168868757
2286.982082125055,374.614281776289,5381.7163985862635,134487.1347755229,2.255122438627483
3252.613203374492,485.143495981209,14687.335794297263,74900.873610909,1.4370009652676825
3263.628622254047,512.0331650656337,14553.534761821149,107670.23988577563,1.8313327056279476
1309.3716065077979,350.11257237028497,10109.062498719375,56725.59139673678,3.5728236632426387
3707.6587200387,350.2857648864953,6075.678332714765,59491.79368216697,0.794524158619091
2515.7571173435717,311.0014280800629,11144.43342342848,149889.26120332908,6.864912981185066
3479.372398323225,520.9206045196921,9668.262425950903,82663.9249425911,0.8464873383018382
1960.1488030918354,499.1413582865415,15156.809596025141,124818.39120488464,3.873916190410598
3686.5696854886014,442.38926272494416,14086.688741790354,130666.50530268165,2.5511828792557463
2167.6050362024894,553.2511346907592,10468.9059229631,135802.32710072293,2.1428103290565903
1032.512954440895,541.7010458850159,8268.388313824851,149762.82974021565,4.087050881185803
3716.145929257791,475.6063093190256,19820.539492333875,74149.64852568679,1.7483830745709994
1273.8600303584008,560.4813841539776,11810.024317941723,54035.082685969974,1.5947129324308382
1957.9409127712447,361.75236301103047,15324.113536703555,91119.1517994586,5.449575761557811
3850.1859011524148,333.5758858193184,7108.2945136754115,63008.0669828947,1.0454194459917383
3851.8214408126682,380.9248834550969,12283.845494890968,52242.58891620551,1.1481911704909984
2720.313664369858,317.12605682679447,5413.0507980419825,86042.68271414861,1.7024454589143612
2895.5116365093977,459.35085840030956,12581.826768656749,128373.82510752365,2.643661242388643
2345.3365659349593,580.9817076884884,19460.261106765534,106618.06912250709,2.620893561759467
1879.6323150941935,311.8030622005529,10763.100694787005,81277.7989210354,4.787135080723528
1985.993636109748,336.632974203008,5584.940188623674,115434.20054927198,2.8645860004311627
3017.555368231115,435.6597084850306,5464.336863790153,73201.81803088107,0.698408138236039
3257.1235883130403,580.1625052583715,10819.801399203043,51438.1446072085,0.5076577620961062
3374.7371311775455,394.84683149302515,7400.374046947911,126435.33864364274,1.7783812997943838
3368.854428383662,452.1704426065177,5350.281444922789,112374.3084864009,0.8728850899014599
1273.6183091460712,312.4718577151176,16343.204209252652,126230.262450096,16.589740010287855
2483.2609141077446,344.50296028862664,11877.84513322836,53893.80166876656,2.172041951946198
1172.6762800499328,595.989036887654,9338.671579589818,133711.96278306522,2.9977863907050466
2648.5866469712064,589.5356089308136,18501.24774524721,111952.62000363033,2.2500958081405877
2324.591504120131,301.4819942803229,6742.084403007884,106339.53507126402,3.3932787483640015
3663.1125482748994,585.5435356269717,19338.78243432979,112461.40481145316,1.7316654329068781
2052.745037656236,491.7359813446501,9709.500760660292,136443.3246868364,2.669010037263147
1351.2010492828176,560.3754883560066,18326.055084630218,108693.6506558907,4.694560373701274
1428.9750461585077,436.42195669015774,14044.143147191922,108095.03798881793,5.577803067533526
3284.531895152417,454.6788085737751,17400.610396122313,149067.91570657658,3.8200210153838636
2854.654189948783,446.65397407707604,19760.197448156963,125673.0167068568,4.360511230672346
1303.3680283683707,500.0592772638313,9326.081567281186,94229.38054511353,2.696345276688345
1252.3204183449923,341.89537642689385,19417.032281113894,120739.70000329278,16.015150642190505
3102.90739437736,308.9920769618034,10842.228423536304,88923.04716917884,3.254388433333295
1218.2890190925805,392.3789824773573,10782.678571053835,72887.5462483499,4.190040165990705
3465.580177871069,511.40422882099404,10105.806563817585,109685.18768877594,1.222965999592841
3118.7266814694885,360.55603563688453,13121.114110213777,142818.20981139515,4.622015970070921
1244.0463419256994,502.0297299974752,7312.175647677306,142913.95200154628,3.3329270820620946
1254.5131422555758,590.9736138321812,13305.672280370167,84190.52781054903,2.5567523165533994
3959.9187355035265,328.1702147368255,13125.57218615006,102767.7466221695,3.162936570755131
2122.812387268361,501.7806354675379,16428.52718907305,71163.58985698612,2.1873439099679612
2111.926441200673,433.12506579137136,17504.749429063784,149563.11094988836,6.608075023988322
3438.3987017725076,560.4426763132516,11606.62025468636,148111.79078679357,1.5917570334924973
3841.7457321515762,353.14493683421574,9534.998740272407,114950.89297074472,2.28769647960082
3958.003191468613,507.78778566784933,8890.023459756418,130441.40596774734,1.1362600510743373
3260.134555776825,551.4345868944331,7919.357550573079,121510.01612837,0.9706854059640524
2128.7787565927474,583.384265842207,5864.713732985373,109315.82190394681,0.8848912310393731
1250.5021500960063,504.9744084868937,10136.7196825207,55334.79969888977,1.7590273739163156
3331.44074778231,449.1524292025282,9053.715381961749,95476.4342552661,1.2861849680853665
2675.212749207415,485.35417206036414,19496.26078799611,117478.63021674105,3.6344135235537482
2272.666027740929,560.6714953436154,13365.632393750659,117753.16138836846,2.202974721368062
3719.063155284208,471.18292399164886,10209.155585457615,87312.26184223837,1.0795740134196092
1333.592446918454,309.11611790905107,13707.01401490544,144169.19866580307,15.50775435262682
2477.8753128725775,579.2846086520933,7087.950520185433,66735.70322367811,0.5688732208436315
1034.0609343022572,506.8580253094683,11660.656238033043,100035.94462155606,4.39096812006829
2405.981925982379,502.95401573317395,14393.514821315957,119088.39765508228,2.8163549614267227
1168.909827045512,364.70254571931514,12333.46747688677,119713.58058918093,9.496640854933988
1356.4537488042158,497.6656410697972,11026.682009814864,114863.89567688156,3.770058470878462
1352.5787403313147,418.15932169624756,19907.725833495475,77528.82134518602,6.525874392735513
2947.6309063481904,495.3698931124476,18204.721432233906,65620.65686866219,1.6515521565792453
3238.13463779627,331.9779090923972,14351.089372391602,113594.0326826711,4.568010714386654
2750.106295291479,497.3535913809108,13540.660417734241,109930.21161394377,2.188149112096885
3886.5176454236257,599.8241177312,14309.90719736876,67935.6010289241,0.6952255873328468
2124.6117385711123,314.4636116581668,8019.681617336499,120513.91455705633,4.600170703842124
1857.1362588455822,593.1522552663952,10927.06614896478,95517.19917336563,1.5973828233365872
3605.797384568381,422.0723882168612,5591.89299336349,116776.05916031529,1.0165704101761213
1670.7875155583579,561.2260351011778,12133.1905623024,133736.70797701506,3.0833924628270313
3889.6676183218337,534.715645217482,13145.368759364948,66972.84285769232,0.7916135764424995
1036.463424069449,470.1048782960004,8416.246041548144,51914.48679968367,1.9074953668153296
3909.636480122917,521.5347627753979,19460.432707482705,127910.25863957868,2.3407496567520014
1129.4797358517283,563.5546683904043,18641.81916405863,110969.74251526159,5.76689868985848
3673.429341094213,421.2420964953099,15832.148531838588,119963.95696221216,2.913770998258518
2583.1033272588993,398.1099484689716,13000.799431480438,133815.49749886425,4.2494099621352905
3978.894388357901,500.27801566907544,18049.537394715277,130281.09348245004,2.361360105048048
1221.3896942061965,542.3537825823776,6959.785157351944,146092.01469288248,2.830106075901076
2661.5628532039623,528.6855404329847,16857.646914123274,103593.50788521182,2.3474583791193107
3907.9076068572967,539.3440946575904,6872.312209502725,98849.56326599054,0.5975874839942752
2569.2935325104463,430.6749944438799,16913.15993824108,90188.719989073,3.2008398235875872
2888.1959144057873,545.3502648525065,9136.513523770354,65369.10428442046,0.6953049631467131
3087.2460669538514,336.0627166111825,18156.358715272836,107260.72328820225,5.585442203190342
2363.62319430332,463.34672938825486,19160.63140738097,77701.25243259787,2.9339140627646234
2882.6742402521904,301.72759814943646,7231.939541076735,142130.75122129754,3.916671968007632
2752.9429357693007,397.3757489700811,11940.134075980903,108319.08042770976,2.9751868084299233
3703.474031472967,409.93846046141937,19714.810672440275,109284.01805081102,3.4618052308721965
1136.3391410243737,418.8518074827766,12251.1115395972,85492.466087701,5.253812684546347
1842.889568776691,508.6401620069587,17953.21283771818,55198.93519777075,2.078510726338741
3851.234452229676,416.5674303811037,13830.972831969797,53174.376537298864,1.1004860814422628
3670.791351672749,434.6080867867592,10629.948618794027,92333.51441531975,1.4155826318224898
2366.970258357139,371.26323926229827,9286.753332888053,58456.537809723784,1.663950107917449
2860.39779340461,411.97553748880205,8048.346366291309,110684.69555401392,1.8349529827612607
1832.143548943398,368.18088817894545,16426.972870665457,138097.30056396575,9.133994576262271
1564.3634791712839,321.9587771305331,10798.107602345419,138291.48165187222,9.20883886060041
2391.0952148199467,481.03457801441334,12669.131933011267,115904.54101322324,2.653981239136501
2060.0566840781585,500.4638395665049,12384.882200017728,71123.18314729311,1.7071767522039385
2750.9683355526163,485.84710380288436,13659.185438496968,136299.6831358872,2.8670470454892403
1233.2039108949546,439.0482131401717,17983.657184368283,138609.3435313208,10.486032526984465
3923.1844229984995,413.93573405376895,19711.090153751444,69665.35849529586,2.042786397394874
3958.6322334388087,559.0000948715476,11113.763128607254,123742.60857706773,1.1117611237417628
3094.4851420592354,455.7245355408654,17412.78383159455,78651.9548927123,2.131005184287154
2608.2890990323613,443.75456328891926,16467.916919820767,130264.03123529296,4.176589485715492
1928.5828488589832,307.6926197419307,13602.9342718336,149723.78999036027,11.154521692955598
3441.385059120846,402.3743482878469,19340.707154179,53002.60053293928,1.8398214851144745
3054.193517661638,414.0586856357571,8007.117732926042,139736.5865790932,2.1368104311109173
1487.850818034674,419.64683426907015,6638.963154644322,112263.05335986581,2.8445254117356
3732.781553481527,474.05171076819965,17809.429504331332,147338.26191648212,3.1281065559363284
3467.611728769507,460.0807640180635,11587.247249506225,96500.95175264275,1.5233975609077366
3849.399739875772,482.3715278380334,17704.532813105907,134738.79305713737,2.663304238569663
3177.15852516508,529.4649784626384,18396.353077931224,56239.40685982772,1.1616066925418456
2840.2455878073697,543.8957216148281,5936.863904286071,83527.90500782957,0.5902031229594732
2254.7291088718566,515.4369228679483,18251.97144479091,56701.653775121,1.727667181499668
3798.1854500620398,586.6571087864804,11724.785830541332,147534.31334790704,1.3232841702054075
3598.191668501225,305.4697748029085,12656.487335063484,131697.39072718367,4.9644321137580185
1135.6560103185682,358.7333957050638,14398.887666398154,135254.74212459705,13.325730430402444
1079.100923491756,302.2688624934426,18895.7391009513,143796.52314338944,27.55899536080632
2129.390100634149,494.2424142463809,5286.741416446461,58510.34861197854,0.5946829663115474
3431.6599923454987,569.4091646849961,12152.652024767256,88559.75925133334,0.9672847315913502
3961.8283879448336,373.0446889728898,15315.83063645841,57103.48890440021,1.5863017983496177
1451.2506733105845,578.110363438892,15840.604365473428,71079.31015500287,2.321405492061745
2782.392146056405,318.08021708686823,15387.986473056619,72936.57770376724,3.9869016321565547
2142.6725698930645,580.3308080416543,7016.526941121828,96910.72110475786,0.9422951573055606
3909.7431934438096,405.4868061718903,9490.933825575219,76856.21674536426,1.1347136007217125
3526.356769407126,330.42624853476497,10380.732881255202,60097.81068177611,1.6203593482632972
3514.9861141334136,445.7615277558977,17066.558115192573,66749.10890941077,1.6310325798831407
2406.079479384911,377.0329703161524,9181.398086218294,64727.55635520909,1.737518355241164
2244.4585070129956,385.46187058857686,8160.574458008047,147307.67979122984,3.6047212807437545
1820.2212157921188,392.18698947788596,19361.720285571442,125929.25069184737,8.708834241457259
1169.1264899527814,540.9077693497991,5132.949276702034,146776.1465269562,2.202492886005049
3594.1671287651598,461.74838300257636,19967.312835229674,93974.04865079085,2.448603836424014
3438.703027390233,393.39230974680106,15152.319482860934,77836.84816626566,2.2162459649270496
3999.153019858392,483.1001349932755,17427.039491736756,129829.31972091866,2.4241196795150146
3989.910511221716,514.845202266958,9419.290945192897,82625.39180411468,0.7358939771175365
2666.2951168078826,381.78720022006013,5214.7291650059,79938.33737053483,1.0725953828620818
3306.9622455415315,424.06473045760544,16068.04277842295,73250.59922078312,1.9791586877887284
3834.297189647284,336.56582800108424,17512.168955010136,62967.89782242353,2.538828256777316
3548.9421720322343,354.3448048604041,16107.141979302787,75646.3061016766,2.7343565865146022
1742.044305229593,504.33535618949486,7142.754309512578,85531.97484738877,1.378783840562671
2351.6324059302806,354.4315043086881,16301.418833854535,117399.42081457304,6.478243799492923
1387.478245454485,457.549015100118,16533.841731614615,56256.48422194516,3.2021740309064297
3862.1530817761673,512.7138785167298,14878.107735050824,71050.6939665343,1.0412053545448876
2818.5239033526404,332.06307692842313,16491.738991933795,130902.36402916764,6.946260153272729
1685.9284165103882,470.19366588867103,17688.82159516598,64692.19235837708,3.070139374827977
3015.1020532175703,376.96883511040915,14204.061713561876,84264.51465225215,2.7934722575680295
2854.384721373687,588.8780625712739,6329.070709545186,136465.892185814,0.8725710637058833
2074.4881540985216,445.0636940159774,12314.417145008163,65492.53111434427,1.962683811698992
1340.6727765988871,541.7977649325475,6164.740020074076,58273.68356181899,0.9128302603596469
3014.7195867783985,465.0679626468785,11113.145465486463,98453.79950800107,1.677991325189822
2560.92310271138,313.02375985644574,11106.597336884413,80241.95112785364,3.551659819279195
3316.955175206918,489.9454126782067,5990.147662103624,106340.83644838541,0.8000232457557183
2560.49050333598,585.4210026619971,10232.30800954219,130380.48904834752,1.520290012983545
3556.54450095562,480.48354604389937,6664.971481869723,63714.848815274316,0.5171942230174489
2655.7205163234566,545.7566578280371,17123.528150138332,108069.9084554285,2.3394705472450497
2682.8139146061585,565.2619390045223,19215.320389467062,100550.87603898639,2.2539457082168983
3629.960807975035,368.42393158467974,6084.7471288690795,64407.87860131996,0.7953969620958966
2210.448598637191,363.613451972468,19326.728109375523,112399.84855289824,7.432993608112844
1402.0456853519222,483.29429665529756,12838.648990051177,77364.04178607717,3.033003914346891
1086.348028940017,423.3085409420114,9493.485169308107,98783.43185440125,4.817555684603254
3265.411767020857,551.9583908600162,6152.931129142453,58227.232427706185,0.3601285639095813
2860.928654060394,570.0069370194033,12509.364021056266,95958.4057213623,1.2913707486790462
3112.2393042976705,406.02641379081547,16917.733167361228,80646.34680428203,2.6591651614831147
1638.8924845267322,371.0611676923446,15606.297159000473,132238.12111853543,9.145660264249873
1409.1144267603092,534.1576545731585,5753.390171959606,55697.87269973683,0.7970347588643903
1043.6339970036458,382.4418106644408,6093.527530518552,91860.727491833,3.667074293369477
2051.762676419791,546.7842955541036,11043.099239489557,95843.1424131438,1.7254120597023326
2769.7530605638995,427.12147609462886,9429.357410719149,122500.60762991187,2.2860012948586674
2176.7321352991967,500.26496978744115,8485.764845840717,107428.7575090211,1.6734254522546819
2312.424766071187,328.66059415040047,9215.067483630704,116721.2337194181,4.30611382224474
3712.476083481245,487.15779740297194,17052.24114945327,127704.9285651756,2.471645282566279
2044.7664010699011,435.53030362116874,18938.420804477806,136220.29736581887,6.65127845299867
2541.9684674794325,475.98253895264224,11076.540417913497,81387.54967224706,1.5653444166625177
3350.959038223429,350.404262323459,18591.665031987453,103802.2705363903,4.690479687937716
2189.62834696381,521.0621234832546,9822.43551871823,134010.80784392,2.2141630288596756
2866.2601006836203,558.8391232629685,12146.554795156873,148945.11309650564,2.021111014023521
3587.0911262402356,365.0219400272327,8390.434967239995,138951.93110437633,2.4393196534920483
3848.5618709729265,328.7143666560485,14607.14063263766,87146.72626243767,3.06112062571223
1441.2204427871138,307.09157581390093,19684.716727622133,69516.65172186504,10.068199117386412
3779.762875484483,492.59145013297984,14052.39644065068,98939.25374065887,1.5159355217016293
2476.3488792386142,482.12821082663424,10367.211261703233,124164.14518360423,2.2362545295222676
1774.733164896875,464.009223814221,14717.261689857925,99256.90707532976,3.822974996649544
2377.4072687147836,369.58412883479264,6843.810176980814,98318.08633136685,2.072054432558525
3940.097725856431,417.2717987716544,18329.88620398098,133823.04210818006,3.5755726383144975
2477.854281978609,478.3429005558519,12546.259261697545,86140.37790671864,1.9061918239180335
1986.2548308625246,449.03005765775083,11740.24613059463,135979.46748116455,3.9862519522434208
2900.2025629501773,596.3356560644662,13787.971826802788,90680.48009517236,1.2122838268260616
1720.4368563345793,340.93192576701995,14371.757941841037,82823.31056783395,5.952349163018667
1227.5899843259917,508.54336621427814,6076.637093397696,95398.9911199699,1.825987326370717
1386.6391657319477,421.29563043128763,15239.258318351036,126244.69586748685,7.816990766441616
1384.1375168733173,428.45988447768445,8628.975204732944,62600.20278639943,2.1258635621793953
1455.708080536883,515.2793296974529,15709.289487598848,69641.92158720174,2.83052864009327
1416.4815179482305,507.7308453973109,17338.02191576295,145144.4825663092,6.8916318635683025
2922.6242344096436,597.3767981106564,17059.377613287805,67549.16273813574,1.1048758225428508
1545.6402531974345,338.51828683623756,13287.514511118337,106772.73179310546,8.00997974542605
2037.0018499715895,331.2328948152499,12802.548384661268,107931.44666619378,6.182812557673465
3690.3652297180356,517.3016451386223,7143.139420091176,98962.44620502448,0.7158177771542475
2421.884920788617,473.51607510192275,16630.192256047034,114474.52485768186,3.5057679150296712
3002.6732155630816,382.2481999679418,9071.140706700715,72982.67257976184,1.5089772719260006
1516.9596136048895,323.82581069669595,12450.4313422692,105266.22677767482,8.239038121620785
1576.8670564260124,325.69747487892914,9264.11139391275,87217.32552468972,4.830395271001059
1122.6058487994367,568.2572623992355,7007.425444995397,116166.7259629189,2.245551114122529
1506.8051892164935,357.5601974156229,14443.36545337605,64122.354337314944,4.807534569986916
1835.7710170958758,397.01146863465624,5814.980522343558,107087.74168394762,2.1521047708719343
1531.0314528302406,367.99692066809644,16229.678511893,68527.03553833236,5.364131055995497
1266.107601271167,406.49889174958116,9763.80192891675,77864.30631150363,3.6338586619076323
1361.9076133018025,320.827152823828,5002.020395067279,71870.98003235832,2.5645380266492963
2382.3363040981776,455.7179372724811,12666.937088558447,68283.77798688172,1.7482109670897055
1619.0011552173776,320.2837690776645,5702.778627914047,132571.0951560667,4.552168585975611
2092.809583144226,540.1069523467085,9142.543367313492,78570.75676608903,1.1766267419102983
2510.2518125645706,370.1136245731299,15604.647311835743,142712.37818644493,6.476318014323677
3071.184485888096,462.0035743813532,5940.344324327988,146992.6525345191,1.332019766444174
1117.9364195232968,564.0237262684375,17590.077385340035,107126.04699370974,5.298476081108033
3398.231196727128,495.2632107141583,5057.298839878747,64300.11226657264,0.3901263533962746
2883.701168472723,459.88733596540055,8702.358038028535,87454.82433795813,1.2478648878793526
1245.2770958466158,397.30012593461265,16113.560842281071,129773.2263348214,10.63832415717318
3620.7358723203315,399.9005739174594,9744.052245939602,86739.07286970704,1.459665959523606
3762.6172015954394,500.84608655945704,6528.385820990203,58701.721830278875,0.40602992878454214
1183.2338795645912,598.2418083663503,10403.508782006418,105678.49109281879,2.5962249801160406
1830.632944441611,498.5517569548136,9055.899295767882,134512.0851496035,2.6771401873592118
3418.603839379184,467.33502521100746,17640.678532408325,129592.63871435024,3.0618942016989283
3244.779071150975,519.1951530717738,9700.218763777146,67512.31401303533,0.748717754199116
1553.563058069132,439.56168368511544,16833.987076640107,117276.46144124668,6.57702209640541
1628.047970010131,318.0427027802356,18378.08217216102,72050.42634356472,8.040789185736429
2111.416308374146,468.689044763373,11507.261293647942,71820.75345521723,1.7818800077600396
2453.568955573064,587.2875853516141,18649.14715781588,137407.17733051852,3.028087952897106
2854.764314590888,352.5908827072979,10659.770809447893,74966.89527402302,2.251671219397105
2106.740918709317,507.0014672461997,19461.17624735162,76324.73465180112,2.742867483828434
2387.6041483994436,360.28010659771695,6339.3428678835935,50065.33907612995,1.0240909150939013
3242.4128144012698,460.7483053419244,15305.288997548641,137066.90341255176,3.0477429522048194
1110.0496086717937,329.0029348940159,12407.210606853929,129259.48132091347,13.347337152404299
1757.3108330320624,435.11128087745556,10814.732081834707,112732.8935090678,3.6645204239461235
3140.0487576536575,526.8489986685738,14490.678181229014,125026.57639388423,2.0786546485643362
3685.620513061598,404.27145727169466,15557.856374514968,65204.85674244918,1.68411958589866
2535.032326346998,499.4735173461654,5065.449044754636,95832.35945875754,0.7675765483979018
2596.340455795947,538.6349882369187,7504.296331207981,85121.93873487809,0.8480095050387463
1321.5160340193281,578.1533458438357,15695.69075951478,59377.65262570165,2.109817716119017
2342.2371004703637,370.39262455663606,14995.781203673097,98613.0485214924,4.6020142992332485
2597.8517993650694,419.79477474279247,19490.712576930157,142073.96503426356,6.048585012270186
1727.411510904189,345.72480399912524,16415.566853761746,54005.91190506945,4.293785058224687
1807.7296928481428,597.7450506475126,19261.590615970068,79146.09134937939,2.3602399165643755
2131.852489313868,578.1002903772886,15538.107523022105,70754.09362057035,1.5430719201639518
1060.213593333179,461.9871390841679,9470.783129591648,73814.66536656964,3.0894090008959973
1966.2374967495348,552.6099883129264,6580.473833762847,140843.45518793754,1.543548934887991
1634.344020989634,456.28739318161263,16727.35795017403,96806.90542342901,4.758973318327062
1982.4920565337438,487.0757064008279,14662.238322138739,96629.94129398189,3.012365021179595
1359.2863954577538,326.737329634805,5722.790185899444,126057.56424552824,4.971280334216953
3671.581842219685,526.5811261490423,10400.756988514675,65449.22040049258,0.6686296570436847
2780.777360662146,338.31404509057046,19351.997232264293,98726.53541000508,6.00279365940259
3037.3069574334686,547.8202890757585,12506.017185653018,92998.52141210597,1.2759397117606808
3367.513715822015,534.6084263011157,11490.937040295568,109691.06905466561,1.3096213354305228
2495.326596787172,512.6234093228929,11865.494077389409,149955.77032504388,2.713468248490868
1260.760864262271,310.84811415742865,8133.240860077456,126944.8894082047,8.475194275118076
2611.3196254556433,390.9385067835986,10530.607562971927,89786.57030174271,2.369124471437588
2760.5233540626373,378.9337709732529,10547.19883980765,132755.3052274047,3.5324088971510745
3236.31842255299,408.04092224145575,5785.325302812086,67070.83633124802,0.7201165949543147
2294.9786386890382,326.2928240291516,16513.514427768772,53046.36863089601,3.585101669101182
1382.7409083866912,581.0873469093189,11247.566478558185,70444.83724642731,1.6970087808473344
1851.3277173961733,466.1406722137129,17332.69830224635,84041.15561142596,3.6211031287763418
2089.246889195905,391.65729319740706,17755.22001679843,101058.07574595598,5.598799078252381
2937.751723994804,419.094455122285,8179.91082047987,111512.91405411999,1.7678068576246495
2712.3349140067357,434.1607621514507,14860.302232551929,141060.57172144216,4.100046910737316
2068.2901776935387,480.17830000818515,12084.227062444726,100985.40095504577,2.558944944963269
3959.545746378939,454.70382830894937,18202.351068822274,100127.56446257295,2.2262736824721445
2817.3244580706614,575.8175919643252,8236.110187646813,55024.30098229821,0.48514321151321205
1711.6803752079834,449.0890448717491,15167.198004650663,53491.15526562238,2.350172502786751
1305.3474178612112,597.6474044469937,14116.28183379084,105115.99619163721,3.1825331874127154
1458.577417552996,555.4274873235288,9429.52216357749,93817.86132483445,1.9660338533433106
1737.8731851535244,362.55315430720077,7049.013554767589,133918.03949802986,4.132434421159242
1482.044119778667,579.1785643931748,14774.596407159148,66067.95847118452,1.9634525965046812
1559.7010721539173,334.90991936564285,16078.96187198496,52497.16621170496,4.824990629346282
1855.2855060815414,545.2349125473575,9734.410156450249,94903.87679301259,1.6750027687752485
1520.1207858842645,414.186988042974,14672.489060334707,73747.85567522576,4.1493702774622205
3690.2962738792753,563.3922961335209,10926.96361417255,54961.43733388375,0.5127132437298275
1240.7012369849267,560.4170070322351,15698.103249239266,122459.82868476289,4.933453063643198
2573.534168710764,541.7776200352863,7988.229123410796,61159.299995724745,0.646756732478588
2231.1904809689845,537.0091308921184,18353.225039542616,110831.95000077717,3.1613849057327057
3947.135850725819,391.4037417294122,9311.143946983695,78104.97501668891,1.2026789738150792
1336.116706504157,324.27578491537565,10516.789816342294,67349.6050355022,5.04132637803468
2193.566797137225,420.89405362954847,5871.379281205247,87975.15229193174,1.3292409718065261
3908.4112998261066,352.0573544959526,6672.683184819146,130144.57762229537,1.7926664098766456
3596.521377681941,508.4853266707385,12737.928540684923,89209.35769045727,1.221995831636594
3451.21621284784,403.8299179613357,9013.890150919573,125076.96492110557,2.003182170038287
1773.7084811348195,592.6830602579745,17532.20338613292,62548.62967991507,1.7600581954057368
1512.6627621701973,492.2916232035996,5220.400829824308,127277.14196650792,1.8124551015430772
3005.9296597732928,546.7441690903083,10686.410730079042,73693.33249066486,0.8764213015215404
3788.1279673827576,339.7574018225545,10060.18320153639,117739.31298888728,2.708724847438744
2670.2886790417892,558.6043446817868,5289.914463764016,106578.15548409964,0.6766280792301931
2714.8380684096996,576.8271571540183,6865.525985007654,142914.47172116872,1.086212247591734
1839.9372809808524,446.1185756456808,11204.640123779529,88732.25179753141,2.7150371852718864
3308.4787995758106,481.8758813252932,12392.9687667117,56616.51888344405,0.9133133011123148
1561.13124567257,529.4429402708986,11064.346208823037,51915.54855512529,1.3126394862512873
1971.037709212731,352.45158817812376,12964.065176181408,132685.85609727533,7.025414613429135
2276.30931584925,450.76982293903274,13926.975123585224,102473.56376614323,3.085515239362991
2522.8311360533653,419.5989083316939,5148.857316917534,127524.40518349492,1.4782479383434681
1727.2291972452408,343.91219764867475,11961.427391802557,73442.56000115146,4.300170600187625
1344.5104742176106,410.26032668745944,19452.488613313824,84508.37455132337,7.264265108820465
2831.860127324898,320.4516928156481,12785.48420194323,53010.387221131896,2.330672316162635
1865.8916597207672,307.7435720848461,15163.134011884298,146149.2324574112,12.540680624397604
2743.7146642678367,340.5498867464468,9677.957868753248,116786.79067008135,3.552033282213465
1463.088145822607,588.9345334767522,16609.870672291436,143320.50877593062,4.69104996611165
2443.4203055644525,464.8588607685051,16593.822228141726,76549.64074290723,2.405742741826538
2597.7682976547576,589.7466483459659,12819.440714812084,111146.36112256609,1.5770045692372279
1155.4706104672807,429.7493634990396,19640.207349188204,117849.99682926378,10.846415964407832
2009.8128345817618,393.5448399255779,6883.253221439801,81754.97002575884,1.8078560638127685
1403.2440308169228,451.84255885207324,5254.2149733437145,134810.92350156303,2.4724382229637065
1190.1249114183033,431.85350658987306,16552.37317635644,144716.1462900248,10.792245386233581
3969.880697169836,331.69940527852316,17107.33306047324,138485.51176960045,5.424001609352281
1967.0615349241689,492.24789440706184,6803.108436808643,123906.69759393725,1.7685465495278634
3429.6233375639044,364.81145475287985,8983.74249437909,77746.4679724954,1.5302225750542622
1763.9219642912917,485.87638646934886,5263.285450499434,78161.60421056318,0.9879146705672722
3044.508166671788,495.06032771944604,9399.629161708472,146336.03204460378,1.8434382792096946
3280.68357966906,345.60745593859446,16597.128108780074,51028.4495935692,2.1612985809553122
2786.916221823533,318.4048881332005,12769.407915688684,121604.99732421445,5.495899935877956
2414.728565650475,534.2284758205319,10221.43389752432,120624.61625552621,1.7890619641983627
2235.5227424418053,437.94012713079604,10576.089423594954,112268.95409497974,2.7693396157617767
2046.6047996289858,317.4491386516427,5020.304385732023,149010.88460868658,3.6271519385854036
3788.5874327434776,598.4598951509302,9497.007913478537,81187.94357637252,0.5682388496578707
3491.8582233631873,317.33416829891,14696.881124568958,83997.18637932482,3.5107479055638895
3895.080731999538,508.51056865756595,19612.916657245354,57893.94029465556,1.127350238664478
1372.891670456634,595.1036775790241,17705.912404758492,94279.81365437375,3.433329526985089
3192.6024256109326,371.75403126477767,5353.924469682937,76104.85262348481,0.9234818765662918
3815.0213704631137,342.67481060615887,18478.40907012259,84338.67021776442,3.4788042214711594
1543.6991984969804,336.41548182672864,16747.976199479388,133457.17902556277,12.793508128871112
1199.4888021003326,390.98254427027865,16705.641853564706,143548.45135274957,13.078283376090857
3223.361947870177,330.31374330319403,11869.936385053572,68573.30720051857,2.3144144107106746
2723.419339539736,507.64840250823954,10970.079394317541,87250.8931553466,1.3637635768902399
3525.4863302748163,318.6875394390188,9543.73593249789,142863.05621153943,3.80793169523385
1419.3171298788684,452.8266384449369,5985.422884315487,56180.84606892226,1.1554196156639283
3385.8019355796705,599.0090561558931,8423.530452405486,59236.05281113785,0.4107257546723589
1604.8819601432338,544.1910808518056,8699.05452467037,66279.09892062294,1.2131170705613634
1490.9678285971136,484.56583146930325,12261.156045653024,109521.28341268748,3.835801257153141
1492.7973937929787,391.8760862359835,16211.666098950409,65047.227100599746,4.600002268527053
3443.724160694146,487.16875088749157,12107.1474259692,146807.63814507335,2.174719651669856
2995.5916620886,458.1124391734955,5867.6667417074095,94671.45272585202,0.8836040531290924
2569.196274307358,427.8250151671115,19366.84701482306,100151.79603501664,4.124658826889373
2076.4914523705074,339.2131130220598,19140.864786411683,74665.86158054064,5.981474057282732
3631.6016224393247,565.9812645721399,16777.843147226125,97096.02524347336,1.4003457252996108
2177.335322267906,434.93539464639673,19869.918523463308,116191.36326370115,5.605251612938371
3449.798318414731,358.3867535462295,13167.234992003945,125117.71369540428,3.7180547586561983
2317.404725710655,410.32780526318686,19441.525253798092,125386.8082709913,6.247674550477146
2130.8332882747227,424.2389257586781,6134.075609251262,107789.11126940884,1.7240645195658564
2388.039357008819,548.2613686700623,10485.21122392057,140435.9774993857,2.051345406919053
1904.1336224924262,520.0843141684206,8380.719020101487,131740.78473061093,2.1436634022394974
3242.8281405287535,530.7914680924019,7937.49626201405,125704.81146986254,1.0921030874517836
2508.161170277437,303.30937932859416,7112.044233390141,55560.552168046066,1.7125130176120922
1696.638085440452,424.8461994539284,14336.20462348995,50687.796221964934,2.3729299291566117
3698.7237198237053,444.4032454905971,16719.827836209573,71244.7277195473,1.6307154876682648
2151.673664119634,305.757683046917,13674.47599130541,116352.35939134524,7.909603724393591
2630.658583341966,377.9439626235103,7204.440643823145,91119.74888825457,1.7470022731264516
3719.4163328936406,528.0869469366405,17166.856549002063,90240.62592993118,1.4935068453096039
2872.7139877419763,341.1329117186997,14539.320607455928,138458.68882296135,6.021777387897339
1350.6941221250922,460.5930394357775,10822.485591904933,139556.28481318388,5.27089863905738
3819.4963708404252,364.56056160517124,15111.954433040944,140917.52640535857,4.1950793087580776
2883.1241592142533,303.636232393168,8898.574688642493,81387.80765150274,2.7246408700297815
2004.7168439712584,372.3604372798624,10177.883127413159,119105.58127392617,4.3612348098912115
1417.8162179901617,592.7621264730161,18762.287646979854,77163.31812743697,2.9061354356417763
3382.075567810888,540.4611335648968,9357.567585071305,69060.98330744499,0.6541592509949553
2860.218267785541,587.87299329631,12049.824022369048,68463.24573473692,0.8345877276846615
2600.3832759289644,446.3562131779087,18352.117060940218,84210.7620863594,2.982999875671666
3681.677749152873,332.9208596032511,15615.820254012911,92995.76197798217,3.5587720516340005
3365.791633673592,464.3878466921079,5933.048392470541,133094.91710550684,1.0879036734795644
1455.0246391982535,436.31320036798826,7209.545664184556,61989.10934727121,1.6134527098829854
1935.1662033866446,553.3071248218848,5117.623861578752,123492.58473948942,1.06673967367664
1745.4674194433974,329.4247742352734,14463.826853437451,103145.49141893053,7.876063389223175
3231.8388777180307,446.47234110653346,11715.101381156275,78794.53426759924,1.4328585647084138
1100.597304207338,345.0145994081953,7014.122763534133,99281.95845328245,5.315453313798378
2709.66905461395,397.402778067018,19369.011815851554,79994.20697770227,3.6206617369325786
3287.3760572220717,521.2071232163399,12944.895859184298,109608.1955238306,1.5888083596233091
3630.2969102852485,442.80543881063,8628.399411693337,93384.39228552443,1.1319741214400312
2026.2452461477224,412.7664855437308,12509.053567320614,66440.55290788788,2.4074475050541593
3463.7719140160384,418.3428835710106,15194.304991026616,61658.30745556967,1.5454621777685462
1331.8952108656217,437.83403052179597,6143.588269603467,104669.56820721301,2.518566659061716
3539.3568752035544,535.5049631511171,9120.55722571838,140241.30332861035,1.2602188060341302
1382.4659869959473,567.6254066820703,17104.482363259904,84395.76865576855,3.24080202335684
2191.8618716811015,586.6004059511785,11894.973056039918,123300.01072226232,1.9445928143231808
3391.886097338661,536.0710158765885,13198.657130484424,115866.13549397669,1.5689183995347837
1449.7522820463214,394.6220687244038,11492.24003314204,143155.49143094808,7.287124031545524
1687.7541856979244,506.44041182596266,5658.499139645077,132098.10172991408,1.72675980487209
3166.7577051791986,431.2809372166176,7486.246697302338,106660.5258905463,1.3556029149917594
3160.109609638223,376.40118661381536,11683.124581128362,115703.04982341074,3.0192543461332786
2923.442898655892,552.2614738277769,8137.781981118917,139838.6466584035,1.2762893700647562
3081.8453334013,311.5279046886975,5749.685429895181,89951.87845869348,1.7292173104584514
2628.1733300427886,570.5285976406271,17654.744960777356,82679.47058577774,1.7062799788988612
1755.3971767208582,438.44323938742025,19717.88793746174,51081.108363519634,2.9848228101929872
2037.0879805117584,491.16044304248413,16897.143109951092,132655.10741914643,4.56121671092441
1544.793150404277,497.8061766617348,17806.773825570006,130098.07004033649,6.051530124222121
3725.351684000885,568.5353222119609,8629.656954755681,60445.45181001514,0.4331865648889149
2750.1753842983617,491.00090465016217,19409.404632697995,107685.73811327002,3.1524298273578695
2202.5542502909198,484.18007542801854,7953.885566801426,96398.16981668874,1.484935826412288
2386.017410932398,319.995612168207,19271.447155427486,61870.90955091115,4.880217456756553
3841.850018835446,455.52240658356124,19922.289409489265,148056.82270607236,3.7000515513327126
1460.0542093482406,345.05070024511247,15675.84208619073,71469.58874633555,6.444917405412853
2758.6894960503914,521.2301306164456,19717.15597687733,56723.41800905611,1.4922610977909598
2517.666036653398,453.66657624380235,13543.096693506555,109484.73795019096,2.8615403440975338
2834.3627063039435,504.068333762506,8893.126747641356,123886.66771330326,1.5298357229223687
1054.3305514625215,312.5018701807153,11554.938284984313,53244.344604718695,5.975291310020324
3616.3717268324544,325.43760481374096,13903.41403068179,115871.76387270221,4.206206003802361
3796.354847450837,514.8970164188047,6096.223430405225,103229.18759514544,0.6252530735486108
2695.399550767627,321.62530079960203,14335.148969258691,60326.50088750484,3.1016071111169654
3089.952471630677,321.3770183295776,19717.667551434417,67252.38769463621,4.155103194737935
3767.498143531887,303.6325425704662,7851.614746755915,106797.42973160805,2.4141825317962864
3121.715902940196,586.9504194898441,16888.92674432575,79635.76135132884,1.250587193141449
1457.617128742784,521.2525078377021,18618.48190669429,143831.5728651316,6.761743912494392
2728.8650805004395,405.9754225506192,19155.52389230331,131874.02294840507,5.616577297105409
2820.145139148568,388.96067438629655,19402.03406608171,148356.72065136628,6.74639303263742
2272.392013907158,404.91096892375487,12821.894580822078,75967.0838950414,2.614419773721236
3209.3327068741687,532.3960593543545,19659.618619872555,146972.36327979772,3.176335434541795
3803.1010443070445,498.4111833211243,16359.653107016584,93123.3869791558,1.6125731809083594
3776.705538720329,355.5586703602404,7425.071543554428,84751.87953137545,1.3179966572999555
2352.5181142123965,352.2328006002253,12153.501597019549,55034.952696935325,2.291645582319754
1339.7141375222657,329.5186949140192,15774.96763058006,55276.525785960264,5.994279065393521
3954.523596887004,498.09081591040143,8710.10473728625,119201.12559466547,1.0582602760918849
3516.694259337802,529.3117986665208,14609.22775323331,95792.8994434028,1.4203743345586504
1373.9880436098006,379.5139284975012,14999.007185699289,72652.16260361057,5.506462258489289
3762.525647852117,306.2834883092738,7440.496157128488,111397.03063252327,2.3482745580099653
3609.689086186385,324.6515002429282,13476.279686791344,75285.81182501111,2.6667268214230986
2556.5141713782164,590.3580104535092,16574.403664679114,107763.17543444227,2.004606648915368
2773.8263072347877,388.6334332432261,12483.434968039128,85920.87469826904,2.5601959816202133
2197.008111610391,530.7669443514401,5181.546751641611,132355.2226611819,1.1080544658204925
1164.284916466094,487.39907065627915,5135.577036189383,132069.61607667792,2.4522429742525103
2005.5917249377028,414.58189189586875,10355.440159550184,97735.03981224014,2.935997425368802
3408.560345794034,361.70617865866654,18892.91102647673,85081.91093350155,3.6045684141818812
1013.8960690138085,336.4159254478219,8430.151694054131,86255.97965590945,6.336917736436693
2000.4975150734326,484.50389041166,14515.455333075308,130571.45256682178,4.035955282280566
2194.50608077283,532.3901341913364,8331.138060399808,82817.9482797612,1.109256576649503
2612.186808813769,493.1712760623392,9825.04984489323,70905.93737068461,1.0965225951690494
3759.5668492382815,459.0906399747475,17720.63134402226,58468.83418753068,1.307582010486669
2039.0379830978839,312.5853670294909,15932.921634049204,96669.31208844084,7.730746722636569
2040.8596056886831,590.5466332783151,6430.98915969816,98213.20989198418,0.8874137571142122
3212.503744329245,539.6142574963724,11430.530314796504,134090.87104029072,1.6385327163922694
2356.6538226694215,387.8466110102894,5437.546454678967,72123.8696446064,1.1062829166986532
1673.814468819946,593.9910988076551,12213.352199045134,88099.12736684,1.8219619220477152
2357.31854839808,480.56447689089663,14936.510175516021,130840.57388936909,3.5897977117150366
1422.5710611393995,474.726797462174,6777.539353972274,132362.36107489734,2.7981763951675958
1529.1609595186699,524.4219538288596,9333.274083637485,88461.10759787682,1.9632312675512222
2495.103318218439,543.5309364270413,10967.549382532354,95912.40232866809,1.4270766412207323
2256.776348513644,496.9435821994508,18792.965369840746,80328.58908492829,2.7087115416011294
3744.5377032043,338.42872390986,19898.82523134446,143255.4878419312,6.646699813506404
2087.1816973498994,401.4802517983495,5673.6694849342375,61864.37657415803,1.0433164141034879
2741.7650508341303,578.425092097815,16415.11885243088,143374.942300147,2.565622778077679
2896.792863758591,367.3846835531556,10575.86099603515,118386.64518353432,3.2022771253099425
1039.283369765001,411.650107151254,10886.8727934422,103157.21526867311,6.376939765610184
2990.6121160501316,429.6230648832588,16313.97460020534,53265.90607844959,1.5742504797795642
1534.1079006092543,431.8214969083357,18776.39648218113,97559.61918220084,6.403507462786509
3883.2109524083653,483.88187474835763,19263.928917538226,90774.81050027322,1.9232711849573534
1445.988183259339,582.9227513234123,13656.838790574811,66121.88119751225,1.8378439283275403
2243.8723711810712,372.2078135497515,10356.817389507542,115640.9603500657,3.852732760430083
1256.0490042359315,336.4504128902754,16813.23628788169,147115.09073682857,17.396417653389424
3990.6227555378423,359.2411469579812,8765.020748934505,106218.88110645252,1.8077644744602352
2506.5850309937277,566.0774700627808,13461.110432502766,121475.32764439458,2.035798471410946
2786.1550519601315,493.74324379656184,10378.676922873097,56845.045256601676,0.8686143424400294
1201.2294321652826,385.77203677174805,14849.466105618141,91766.69958169947,7.622694230386269
3249.8814111975335,544.7840816905851,8605.983693402603,61635.84851644959,0.5499428572489619
1629.7167792867572,558.4109989090308,7873.894186022387,111279.58355365104,1.724189520228145
3694.162868322141,553.9543016070834,18773.586300131556,143848.21582141548,2.382252580413035
1615.4189214460216,575.6779600918663,6527.0552442430535,116177.77324716384,1.4164327696350139
1572.0631619909996,375.6723060520085,12589.368616023974,57680.304831442154,3.2729784375729114
1109.6490035442846,526.5125786238834,8312.791744445134,85466.62049850827,2.3096187801901475
2416.200835329998,438.161849182242,5583.949449885012,105066.33794408516,1.264744855915716
2694.5233997878495,552.5995658670184,5540.282274371396,90320.77561332521,0.6081581238671464
1197.1259182850572,518.547203148484,7628.32658158741,133364.40104751725,3.16047799281678
3326.5828500850316,532.9342339499174,18001.555317590006,131467.1004709989,2.5048488948666505
2359.8665042440825,496.84855130432146,9237.1811596554,111183.10201032215,1.762961207448421
2573.1708079827404,353.22863084091205,19256.887558629438,87345.79451327052,5.238991363229232
2322.2882408146843,463.5080756690815,13724.334394837902,75533.63737632442,2.077786673987096
2202.289182625978,595.4009218573524,11549.212846531493,60587.43182131293,0.8962756098683257
2678.920993924654,581.2164199491357,13701.332520041818,85489.7683486554,1.2943188940093484
1465.7207377921375,312.9521207391035,12750.475778394017,91317.25172077195,8.110958750253662
1545.7843914858133,349.44444471883116,16381.643806359878,117582.29251040737,10.204558106410168
3585.356863040552,339.51863203636856,9237.440989592784,115815.98242975735,2.5885738452270157
3838.346386400898,517.7939729955887,10295.755874004535,57010.81396412569,0.5703708624819386
2119.9279488392585,545.3355989570836,18411.41453799876,89525.93154311579,2.6144913338560887
1812.2340194306612,364.05340989320155,19196.847697256082,68177.8867217362,5.449152592557624
2931.998629717047,451.75580788554873,18388.37341229712,65681.27053168057,2.018429603511776
2226.202513294289,552.21090840336,11291.719909359705,132730.2149737246,2.2077772970083958
1076.1590669810346,519.8404634298752,16705.482545103223,54191.52167162576,3.1129614279168756
1468.4577920985712,462.6711616475545,12145.035999516482,91918.28759021213,3.5513575721653368
3147.9166865421926,477.10430713763185,12463.097782191533,66820.36557665182,1.1622109035514825
2976.771825730454,452.508164074884,8070.201635859259,137933.0215678474,1.8262248626659865
1081.2879775104504,389.2645353956462,13866.954548877748,105704.05132750352,8.946263260294607
1665.9164857988483,469.50659785770483,7792.038466300219,73138.0636376848,1.5518792294825035
1693.2243897642143,506.6655906150272,9973.470486007907,100242.72871663765,2.3000742164805024
3015.6782307961853,561.9968747582423,17825.45302429903,123148.63597031159,2.30471580412317
1059.1316132630925,490.8874061937744,8106.137138162829,145811.8008919434,4.631193305838393
1312.3257459537215,528.3364611129474,6067.374277601492,72044.60042454189,1.1932718847926307
3399.748256119568,348.0214904863719,6035.113889192245,138618.17721293453,2.031640065365916
1535.6339861630008,438.467242325937,19111.767807546617,143430.41141674903,9.284960989642755
2958.238323555624,302.799485948128,12603.80656942752,141642.05445320663,6.58188849772839
1714.5483431401794,374.0036593564869,11141.181077255274,113541.43568619099,5.27453497424271
1298.3241782780356,517.9385145339014,17163.178715118775,112982.06544347077,5.56759550976241
1729.5165729983623,597.5429854048091,17537.38891865774,90321.06331838228,2.565021099455415
3166.8007955669773,329.7534298761648,9982.86549673407,125239.78823037879,3.630765131342811
3567.0894043188573,420.4482947583865,15404.270862106929,103129.40183509319,2.519326529182283
3490.6595937009747,540.0212906097479,16566.8422377783,117743.80712282944,1.916234023769153
2191.5505888553644,361.21069038866966,14819.760302989318,92845.79038487954,4.812056372946703
3004.2554097119382,466.5254847906859,7273.9261220014905,123149.64640431391,1.3699807268014816
1614.952886247463,519.9213888089024,18138.246252755853,132447.1517604549,5.503040284731998
1879.4431907830399,484.7956350780537,13086.41829104013,64643.625660281614,1.9151372329720322
3689.007455563359,356.40742038462486,9237.086395550055,133292.9715574228,2.627478964617248
1039.005770532208,406.6153706057218,11378.422781565409,104029.65317903072,6.890546606066627
1256.5255925634042,535.1375353456192,5563.56635598361,134466.59090902243,2.079052708847684
1623.658765438082,466.267954239605,6918.002018336263,93130.17063410147,1.8251778314891358
1079.596611621459,301.56888406287385,16483.201257737914,87904.0485383035,14.757604535200812
1544.306305269392,528.2972280084282,5000.174521330492,141506.07325172223,1.641610547759881
2749.1246829090765,310.5934064820717,11248.487427234382,75116.92675484013,3.186053305084168
2264.273651777494,523.7201348193696,12837.652716283827,134421.2325286143,2.778600063189148
3678.0151332309247,360.7441680495712,5819.516300014584,98402.05725094042,1.1964069236040007
3452.330685215323,587.422044035814,19596.17244458499,101409.54425512598,1.6681581238776986
2025.452055093628,410.3822253906253,8391.87996874508,80846.8281489484,1.9889469408130707
1778.2703002938774,398.0794849014237,9562.980794544212,107304.22006190156,3.641436299918144
2139.0772245018006,344.6664150997334,9559.137683825411,82521.11962762113,3.10426959323675
2770.8848275444234,391.6812646470645,8456.249931760249,53926.941424165234,1.0727524824125132
1804.1909224686287,562.9952285484601,5022.107331294671,77199.8605344356,0.67797016745261
2872.446723547402,598.9003012881742,15940.171911319945,50637.904340659064,0.783443495778101
2228.2349565737213,410.4928591520545,19502.68249698928,147835.47870568564,7.6789320755969905
2656.1415425559408,434.58318928636277,8364.402249275676,146574.72098197474,2.443975941587692
2308.37958740595,516.6212814608211,14945.707877051336,89515.5297472305,2.1715161600634714
1883.397278625753,565.8587341395223,16128.444904380727,122837.0854339646,3.28521662839433
3845.3599208864703,477.91330025603526,17726.380686357872,84580.60984104249,1.7070869976345024
3290.8173824792825,417.4577094533488,11339.437955204137,117109.31570859761,2.3155502923948394
1420.3395272993575,423.78655225458715,9543.963584606438,130543.00430459791,4.88422723164982
3605.4039276937383,508.68544394904205,9879.427010345466,144675.62446922407,1.5320557677457587
2462.293594748541,300.9654790812836,15689.319996477692,90021.2275849672,6.332509460187638
3683.6566806822743,485.87680123795224,17251.69199758454,128329.79829560476,2.5458202308153637
3399.5657678419457,406.64790313240724,7724.209516349039,76592.84506321188,1.0524021467148772
2275.6405134077004,538.2591993831253,10564.115122366478,149033.23037936483,2.3879743704589114
1067.4079249603521,327.89719194693964,18529.10295123725,52576.95987643512,8.488755934448848
1806.0320781548382,476.46068008451715,17100.40279542109,110352.88065011209,4.602676189700215
2624.9026439826007,444.29186696583713,19772.876041437135,115950.59816513272,4.424792509186307
2900.434659478442,492.69765777156823,16313.723895231211,118804.55570741289,2.7527205223546263
1773.663056299607,319.4560783448905,10897.928015418835,62038.7578789089,3.735197728086223
1418.0682222184723,473.9951362284394,13859.567509919567,143852.97834731304,6.257828267595147
3504.7907103978973,468.4453763878571,14915.213813709805,68118.32790500828,1.3210323706258824
3953.2065421106563,468.1980283248513,6176.837244756859,112275.3403239841,0.8002798313813884
2577.0705469080576,481.0462999789364,13167.454386557976,72267.6079123085,1.5956786623017674
1515.0378575449104,502.94038116790864,15639.812427089144,80721.64170212709,3.294314272219207
1816.9219795581068,541.4966999042309,7509.819560015905,104645.85417281243,1.475107334595263
1055.1720296424003,380.9462160384643,16709.475761383357,91719.34185645764,10.008595922598019
3742.896419681497,547.5148230540186,13756.591707711674,66022.56009765062,0.8094753656990552
1353.2532486704235,449.47670467903606,19283.32678546392,67093.64024208483,4.732273777396584
2729.5494265427606,323.11748374029935,5636.334473103376,91814.47881627997,1.8159172383687823
1822.1656620616181,317.56527877319377,8979.892063332005,125728.29782755008,6.143986733481759
2662.5340075473805,400.2714956088182,14023.30818949736,139796.46468477885,4.595599524339244
2954.2611650555928,535.4690931334403,9448.39868308896,58412.766225938285,0.6515507976366695
3489.225411121605,512.3042804222747,15716.362461068633,89310.39075594011,1.5327419011706875
1619.2638152818095,536.584489401722,16385.079237828963,60024.55637228766,2.1095200835079373
1032.9874859754414,455.1807169324828,6537.739460997117,51659.24806325979,1.5780215083446671
1410.6568902064218,432.05969938664714,12707.816963101515,116171.86826439566,5.60612803069504
3700.0559255443154,344.2357580118852,12633.358333865839,110244.94419665878,3.176561336675869
3621.6702326875456,398.4578260827935,10539.211553233115,66301.91138148862,1.2152357714579824
2792.239306510925,430.2058098521626,18993.872938545082,73381.28330930641,2.697078905029904
2801.5505813009604,326.58012890388517,17412.59479809832,52370.77536445184,3.051929642728395
2995.1100236387665,366.1835858133634,15458.140728644552,133494.72056944037,5.13819781948485
1526.1138358703488,479.46758821912164,15714.899536024963,147469.05960485514,6.605521055625632
3743.235837774879,520.6989342717569,11925.742157196786,63545.95367946908,0.7467113445580195
2256.3115746762196,599.5042534178849,18814.917816448637,73147.52137652981,1.6971425868185481
2149.4155847484926,579.9339994030672,15418.93140879928,136840.9523946934,2.9187226608752863
2556.7531158485126,492.7695598605575,15934.715924837246,142646.37979561847,3.661242893689193
1140.8979003251652,426.3744159882216,17925.363556810178,91962.73828068103,7.947871026475857
1498.8501062682383,490.8532094124698,9111.073840132865,55062.24722690741,1.3891912061561162
3214.100849279111,535.6954854240696,17106.063558000547,53939.18336928194,1.000366122882983
1248.3960037753793,335.50085727701617,7928.60904434738,107394.98660690105,6.059563954285931
2809.4563283991647,422.97146690888644,10180.129283673317,89289.5108893179,1.8084616721859776
1736.047329043963,551.9406856906852,10034.156814047641,52865.24275776545,1.003008783496774
2167.8868421259294,415.1498855799132,19677.88202583711,108325.23923125568,5.705077583548617
1866.0812103120998,471.561681368156,17848.058356218902,51130.25365890225,2.199182999212443
2067.0181493948476,476.33080825865943,15517.547923853896,128737.1958149273,4.259567518728474
3157.1377155527366,355.3428759400918,15905.851424230852,80643.28227033716,3.2176319438171004
1891.365146869525,408.6706324956865,13431.091916038566,54025.80030092321,2.297154938124954
2699.2139208906915,400.35338662257965,19206.360006627787,108835.22209831534,4.831591568038768
2428.1512065972993,307.85901255961943,12443.881293235423,89768.44144330546,4.854003360932181
2991.0134960879445,307.2575291674066,10707.765648048418,147380.04133571495,5.588742386748478
3810.489217974274,549.509113102732,7445.5300539738655,104419.86625037022,0.6756911304082155
3197.7162916307507,381.9212429918437,16793.08478391587,77523.91810370082,2.79112081111419
1644.8211357722703,455.4236298716446,16016.65898113387,120943.88646339747,5.678139399304796
1093.549405183854,389.61767207663195,10765.325577862022,77149.20025427113,5.003142748304107
1786.7921328994753,582.2037735346021,5377.90120938844,140424.3291407565,1.246898533790692
2785.2337921007647,377.78902765973214,17584.95991577016,87472.19705073765,3.8694664128958878
1154.277440452751,428.89704382168054,5171.2697518111045,104986.85627762052,2.5569121721910006
2489.0987416037087,561.8190751453806,15555.496694435764,55057.31038242289,1.0900935963498208
2790.5285467506674,552.5800700375426,19553.856645890854,92612.12379522307,2.1253152901383388
2002.7316724508823,355.8304253538832,11564.919922223053,133236.3539660995,6.076541160157956
3312.7366112374657,540.7929929387132,8524.601074939292,130564.8805363342,1.1488185014835919
1319.7947594013153,437.4560660213678,15573.065150650726,72431.85588535262,4.466099843003274
1225.4133452074263,444.8906616256065,17256.922130233776,72607.90710105628,5.166043663602028
3184.56626861081,340.04399172478315,13196.45474116771,131730.53122132368,4.720882745623034
2486.4739486185954,324.1804541271374,19505.529128842194,143039.84201693255,10.677195426526097
3065.207189283208,518.3817920921296,5775.030824869416,59536.092127300355,0.41742198442353573
2304.482015811239,448.9383457065899,12571.93397456792,95005.86394262253,2.5716139684012806
1739.2060997173203,431.0552107845539,15776.809209838251,83745.42789642289,4.088494622219765
3457.3069530225994,518.8524685957191,17939.607067237685,137068.84554574394,2.6419583519716876
3398.2476369069377,529.653869697333,7688.834178616851,58352.49146800188,0.4706310492245735
3084.0894125632803,347.6724503008061,17000.05222645522,71112.59425580373,3.242867922303215
1816.435411689888,483.06754484329235,13290.606135778178,125246.83375864943,3.9271352938664994
2770.6920006072614,340.60622468330564,10948.305229849448,55129.384898121556,1.8777450751836904
2082.9216908200806,525.4125258087137,6975.725428686404,99253.53807142892,1.2040973152954946
1274.7462199799024,497.0865468801419,17979.436383633685,94210.703467972,5.3776009036865835
3751.9407263867283,586.9843863250373,7359.09812269573,83440.11789887486,0.4749965283653937
1410.4558927568842,320.68740490692636,9646.817888136487,89457.23153189238,5.949441763197007
3850.7120614624073,317.1164163453763,9350.682979436553,102994.0586930233,2.4870070172452454
2338.017318873867,384.65612240796,18071.210512862814,66136.73583883831,3.454911914379433
